{"cameraMode":{"drawMode":0,"name":"Shaded","section":"Shading Mode"},"sceneLighting":true,"audioPlay":false,"sceneViewState":{"m_AlwaysRefresh":false,"showFog":true,"showSkybox":true,"showFlares":true,"showImageEffects":true,"showParticleSystems":true,"showVisualEffectGraphs":true,"m_FxEnabled":true},"in2DMode":false,"pivot":{"x":174.172607421875,"y":-123.42572021484375,"z":371.1524963378906},"rotation":{"x":0.15670917928218842,"y":0.07397719472646713,"z":-0.011845911853015423,"w":0.9848566651344299},"size":521.7847290039063,"orthographic":false}