{"cameraMode":{"drawMode":0,"name":"Shaded","section":"Shading Mode"},"sceneLighting":false,"audioPlay":false,"sceneViewState":{"m_AlwaysRefresh":false,"showFog":true,"showSkybox":false,"showFlares":true,"showImageEffects":true,"showParticleSystems":true,"showVisualEffectGraphs":true,"m_FxEnabled":true},"in2DMode":false,"pivot":{"x":-0.10196252912282944,"y":-0.0566411018371582,"z":0.22005128860473634},"rotation":{"x":-0.023410912603139879,"y":0.7929520010948181,"z":-0.6082023978233337,"w":-0.030389240011572839},"size":9.88278865814209,"orthographic":false}