{"cameraMode":{"drawMode":0,"name":"Shaded","section":"Shading Mode"},"sceneLighting":false,"audioPlay":false,"sceneViewState":{"m_AlwaysRefresh":false,"showFog":true,"showSkybox":false,"showFlares":true,"showImageEffects":true,"showParticleSystems":true,"showVisualEffectGraphs":true,"m_FxEnabled":true},"in2DMode":false,"pivot":{"x":16.40433120727539,"y":-12.649358749389649,"z":-16.015684127807618},"rotation":{"x":0.10344883799552918,"y":0.8882799744606018,"z":-0.24554920196533204,"w":0.37421107292175295},"size":26.219144821166993,"orthographic":false}